{"cameraMode":{"drawMode":0,"name":"Shaded","section":"Shading Mode"},"sceneLighting":false,"audioPlay":false,"sceneViewState":{"m_AlwaysRefresh":false,"showFog":false,"showSkybox":false,"showFlares":false,"showImageEffects":false,"showParticleSystems":false,"showVisualEffectGraphs":true,"m_FxEnabled":true},"in2DMode":false,"pivot":{"x":-0.12135004997253418,"y":1.7522459030151368,"z":-0.21796083450317384},"rotation":{"x":-0.11856113374233246,"y":0.8573614358901978,"z":-0.22790193557739259,"w":-0.4460240602493286},"size":1.4497640132904053,"orthographic":false}