{"cameraMode":{"drawMode":0,"name":"Shaded","section":"Shading Mode"},"sceneLighting":true,"audioPlay":false,"sceneViewState":{"m_AlwaysRefresh":false,"showFog":true,"showSkybox":true,"showFlares":true,"showImageEffects":true,"showParticleSystems":true,"showVisualEffectGraphs":true,"m_FxEnabled":true},"in2DMode":false,"pivot":{"x":-5.7100958824157719,"y":264.1402282714844,"z":-20.807231903076173},"rotation":{"x":0.7351567149162293,"y":-0.001016846508719027,"z":0.0011027362197637559,"w":0.6778964996337891},"size":22.114042282104493,"orthographic":true}