{"cameraMode":{"drawMode":0,"name":"Shaded","section":"Shading Mode"},"sceneLighting":true,"audioPlay":false,"sceneViewState":{"m_AlwaysRefresh":false,"showFog":true,"showSkybox":true,"showFlares":true,"showImageEffects":true,"showParticleSystems":true,"showVisualEffectGraphs":true,"m_FxEnabled":true},"in2DMode":false,"pivot":{"x":198.62393188476563,"y":92.14512634277344,"z":-100.97294616699219},"rotation":{"x":0.00030422909185290337,"y":0.997986376285553,"z":-0.004799994640052319,"w":0.06325802952051163},"size":122.39661407470703,"orthographic":false}